<?xml version="1.0" encoding="utf-8"?>
<Page xmlns="http://schemas.nativescript.org/tns.xsd" navigatingTo="onNavigatingTo" class="{{ isDarkTheme ? 'dark-theme' : 'light-theme' }}">
    <ActionBar class="{{ isDarkTheme ? 'dark-action-bar' : 'light-action-bar' }}">
        <NavigationButton visibility="collapsed" />
        <GridLayout columns="*, auto, auto" class="px-4">
            <Label text="Gallery" class="{{ isDarkTheme ? 'text-white' : 'text-black' }} text-lg font-medium" col="0" />
            <Button text="☀️" tap="{{ toggleTheme }}" class="theme-toggle-btn" col="1" />
            <Button text="+" tap="{{ onAddImage }}" class="add-btn ml-4" col="2" />
        </GridLayout>
    </ActionBar>

    <GridLayout rows="auto, *" class="{{ isDarkTheme ? 'dark-content' : 'light-content' }}">
        <!-- Minimal Tools Panel -->
        <StackLayout row="0" class="tool-panel">
            <GridLayout columns="auto, auto" class="px-4 py-2">
                <Label text="{{ isGridView ? 'Grid View' : 'Free View' }}" 
                       class="{{ isDarkTheme ? 'text-gray-300' : 'text-gray-700' }}" 
                       col="0" />
                <Switch checked="{{ isGridView }}" 
                        tap="{{ toggleGridView }}" 
                        class="toggle-switch" 
                        col="1" />
            </GridLayout>
        </StackLayout>

        <!-- Image Display Area -->
        <GridLayout row="1" class="image-grid">
            <ScrollView>
                <Repeater items="{{ images }}">
                    <Repeater.itemTemplate>
                        <GridLayout class="{{ $parent.isGridView ? 'grid-image' : 'free-image' }}">
                            <Image src="{{ path }}" 
                                   stretch="aspectFit"
                                   loaded="{{ onImageLoaded }}"
                                   pan="{{ onPan }}"
                                   pinch="{{ onPinch }}"
                                   rotation="{{ rotation }}"
                                   opacity="{{ opacity }}" />
                        </GridLayout>
                    </Repeater.itemTemplate>
                </Repeater>
            </ScrollView>
        </GridLayout>
    </GridLayout>
</Page>